September -Comparision,,,,,,,,,,,,,,,,,,,,
eBay ID,SKU,LY Sales,TY Sales,YoY %,LY Ad Sales,TY Ad Sales,LY Views,TY Views,LY Orders,TY Orders,LY Conversion %,TY Conversion %,LY Price,TY Price,Ad Impressions,Ad Clicks,Ad Spend,Ad Sales,ROAS/ACOS,Segment 
Sunsone,,,,,,,,,,,,,,,,,,,,
xxxx,,,,,,,,,,,,,,,,,,,,
xxxx,,,,,,,,,,,,,,,,,,,,
xxxx,,,,,,,,,,,,,,,,,,,,
Ledsone,,,,,,,,,,,,,,,,,,,,
xxxx,,,,,,,,,,,,,,,,,,,,
xxxx,,,,,,,,,,,,,,,,,,,,
xxxx,,,,,,,,,,,,,,,,,,,,
Electricalsone,,,,,,,,,,,,,,,,,,,,
xxxx,,,,,,,,,,,,,,,,,,,,
xxxx,,,,,,,,,,,,,,,,,,,,
xxxx,,,,,,,,,,,,,,,,,,,,
Huttenlampen,,,,,,,,,,,,,,,,,,,,
xxxx,,,,,,,,,,,,,,,,,,,,
xxxx,,,,,,,,,,,,,,,,,,,,
xxxx,,,,,,,,,,,,,,,,,,,,
ledsone uk de,,,,,,,,,,,,,,,,,,,,
xxxx,,,,,,,,,,,,,,,,,,,,
xxxx,,,,,,,,,,,,,,,,,,,,
xxxx,,,,,,,,,,,,,,,,,,,,
ledsone de,,,,,,,,,,,,,,,,,,,,
xxxx,,,,,,,,,,,,,,,,,,,,
xxxx,,,,,,,,,,,,,,,,,,,,
xxxx,,,,,,,,,,,,,,,,,,,,
,,,,,,,,,,,,,,,,,,,,
,,,,,,,,,,,,,,,,,,,,
Requirement-Filter Option ,,,,,,,,,,,,,,,,,,,,
Account,,,,,,,,,,,,,,,,,,,,
Segement,,,,,,,,,,,,,,,,,,,,