account,marketplace,segment,ebay_ids
Electricalsone,Canada,No segment rule met,3
Electricalsone,France,A – YoY Winner,1
Electricalsone,France,C – Lost Ad Sales (Advanced),1
Electricalsone,France,C – Lost Ad Sales (Standard),2
Electricalsone,France,D – Lost Performer,4
Electricalsone,France,No segment rule met,176
Electricalsone,Germany,A – YoY Winner,35
Electricalsone,Germany,C – Lost Ad Sales (Advanced),17
Electricalsone,Germany,C – Lost Ad Sales (Standard),62
Electricalsone,Germany,D – Lost Performer,68
Electricalsone,Germany,No segment rule met,432
Electricalsone,Germany,Undetermined: B or D,13
Electricalsone,UK,A – YoY Winner,198
Electricalsone,UK,C – Lost Ad Sales (Advanced),57
Electricalsone,UK,C – Lost Ad Sales (Standard),155
Electricalsone,UK,D – Lost Performer,147
Electricalsone,UK,No segment rule met,1392
Electricalsone,UK,Undetermined: B or D,64
Electricalsone,US,A – YoY Winner,16
Electricalsone,US,No segment rule met,389
Huttenlampen,Germany,A – YoY Winner,72
Huttenlampen,Germany,C – Lost Ad Sales (Advanced),27
Huttenlampen,Germany,C – Lost Ad Sales (Standard),73
Huttenlampen,Germany,D – Lost Performer,70
Huttenlampen,Germany,No segment rule met,506
Huttenlampen,Germany,Undetermined: B or D,25
Huttenlampen,Italy,No segment rule met,1
Ledsone,Canada,No segment rule met,24
Ledsone,France,A – YoY Winner,1
Ledsone,France,C – Lost Ad Sales (Standard),2
Ledsone,France,D – Lost Performer,6
Ledsone,France,No segment rule met,429
Ledsone,Ireland,A – YoY Winner,1
Ledsone,Italy,No segment rule met,129
Ledsone,Spain,No segment rule met,16
Ledsone,UK,A – YoY Winner,418
Ledsone,UK,C – Lost Ad Sales (Advanced),91
Ledsone,UK,C – Lost Ad Sales (Standard),388
Ledsone,UK,D – Lost Performer,305
Ledsone,UK,No segment rule met,2371
Ledsone,UK,Undetermined: B or D,124
Ledsone,US,A – YoY Winner,8
Ledsone,US,C – Lost Ad Sales (Standard),2
Ledsone,US,D – Lost Performer,5
Ledsone,US,No segment rule met,3132
Sunsone,France,A – YoY Winner,1
Sunsone,France,D – Lost Performer,1
Sunsone,France,No segment rule met,75
Sunsone,Germany,A – YoY Winner,28
Sunsone,Germany,C – Lost Ad Sales (Advanced),11
Sunsone,Germany,C – Lost Ad Sales (Standard),35
Sunsone,Germany,D – Lost Performer,37
Sunsone,Germany,No segment rule met,277
Sunsone,Germany,Undetermined: B or D,9
Sunsone,UK,A – YoY Winner,190
Sunsone,UK,C – Lost Ad Sales (Advanced),55
Sunsone,UK,C – Lost Ad Sales (Standard),143
Sunsone,UK,D – Lost Performer,111
Sunsone,UK,No segment rule met,943
Sunsone,UK,Undetermined: B or D,33
Sunsone,US,A – YoY Winner,2
Sunsone,US,No segment rule met,82
ledsone de,Germany,A – YoY Winner,93
ledsone de,Germany,C – Lost Ad Sales (Advanced),15
ledsone de,Germany,C – Lost Ad Sales (Standard),57
ledsone de,Germany,D – Lost Performer,71
ledsone de,Germany,No segment rule met,567
ledsone de,Germany,Undetermined: B or D,23
ledsone de,UK,C – Lost Ad Sales (Advanced),1
ledsone de,UK,C – Lost Ad Sales (Standard),1
ledsone de,UK,D – Lost Performer,1
ledsone de,UK,No segment rule met,1
ledsone uk de,Germany,A – YoY Winner,82
ledsone uk de,Germany,C – Lost Ad Sales (Advanced),54
ledsone uk de,Germany,C – Lost Ad Sales (Standard),109
ledsone uk de,Germany,D – Lost Performer,111
ledsone uk de,Germany,No segment rule met,1519
ledsone uk de,Germany,Undetermined: B or D,39
